id,name,name_de,name_fr,name_it
1,Aeugst am Albis,,,
10,Obfelden,,,
100,Stadel,,,
1001,Doppleschwand,,,
1002,Entlebuch,,,
1004,Flühli,,,
1005,Hasle (LU),,,
1007,Romoos,,,
1008,Schüpfheim,,,
1009,Werthenstein,,,
101,Steinmaur,,,
1010,Escholzmatt-Marbach,,,
102,Weiach,,,
1021,Aesch (LU),,,
1022,Altwis,,,
1023,Ballwil,,,
1024,Emmen,,,
1025,Ermensee,,,
1026,Eschenbach (LU),,,
1030,Hitzkirch,,,
1031,Hochdorf,,,
1032,Hohenrain,,,
1033,Inwil,,,
1037,Rain,,,
1039,Römerswil,,,
1040,Rothenburg,,,
1041,Schongau,,,
1051,Adligenswil,,,
1052,Buchrain,,,
1053,Dierikon,,,
1054,Ebikon,,,
1055,Gisikon,,,
1056,Greppen,,,
1057,Honau,,,
1058,Horw,,,
1059,Kriens,,,
1061,Luzern,,Lucerne,Lucerna
1062,Malters,,,
1063,Meggen,,,
1064,Meierskappel,,,
1065,Root,,,
1066,Schwarzenberg,,,
1067,Udligenswil,,,
1068,Vitznau,,,
1069,Weggis,,,
1081,Beromünster,,,
1082,Büron,,,
1083,Buttisholz,,,
1084,Eich,,,
1085,Geuensee,,,
1086,Grosswangen,,,
1088,Hildisrieden,,,
1089,Knutwil,,,
1091,Mauensee,,,
1093,Neuenkirch,,,
1094,Nottwil,,,
1095,Oberkirch,,,
1097,Rickenbach (LU),,,
1098,Ruswil,,,
1099,Schenkon,,,
11,Ottenbach,,,
1100,Schlierbach,,,
1102,Sempach,,,
1103,Sursee,,,
1104,Triengen,,,
1107,Wolhusen,,,
111,Bäretswil,,,
112,Bubikon,,,
1121,Alberswil,,,
1122,Altbüron,,,
1123,Altishofen,,,
1125,Dagmersellen,,,
1126,Ebersecken,,,
1127,Egolzwil,,,
1128,Ettiswil,,,
1129,Fischbach,,,
113,Dürnten,,,
1130,Gettnau,,,
1131,Grossdietwil,,,
1132,Hergiswil bei Willisau,,,
1135,Luthern,,,
1136,Menznau,,,
1137,Nebikon,,,
1139,Pfaffnau,,,
114,Fischenthal,,,
1140,Reiden,,,
1142,Roggliswil,,,
1143,Schötz,,,
1145,Ufhusen,,,
1146,Wauwil,,,
1147,Wikon,,,
115,Gossau (ZH),,,
1150,Zell (LU),,,
1151,Willisau,,,
116,Grüningen,,,
117,Hinwil,,,
118,Rüti (ZH),,,
119,Seegräben,,,
12,Rifferswil,,,
120,Wald (ZH),,,
1201,Altdorf (UR),,,
1202,Andermatt,,,
1203,Attinghausen,,,
1204,Bauen,,,
1205,Bürglen (UR),,,
1206,Erstfeld,,,
1207,Flüelen,,,
1208,Göschenen,,,
1209,Gurtnellen,,,
121,Wetzikon (ZH),,,
1210,Hospental,,,
1211,Isenthal,,,
1212,Realp,,,
1213,Schattdorf,,,
1214,Seedorf (UR),,,
1215,Seelisberg,,,
1216,Silenen,,,
1217,Sisikon,,,
1218,Spiringen,,,
1219,Unterschächen,,,
1220,Wassen,,,
13,Stallikon,,,
1301,Einsiedeln,,,
131,Adliswil,,,
1311,Gersau,,,
132,Hirzel,,,
1321,Feusisberg,,,
1322,Freienbach,,,
1323,Wollerau,,,
133,Horgen,,,
1331,Küssnacht (SZ),,,
134,Hütten,,,
1341,Altendorf,,,
1342,Galgenen,,,
1343,Innerthal,,,
1344,Lachen,,,
1345,Reichenburg,,,
1346,Schübelbach,,,
1347,Tuggen,,,
1348,Vorderthal,,,
1349,Wangen (SZ),,,
135,Kilchberg (ZH),,,
136,Langnau am Albis,,,
1361,Alpthal,,,
1362,Arth,,,
1363,Illgau,,,
1364,Ingenbohl,,,
1365,Lauerz,,,
1366,Morschach,,,
1367,Muotathal,,,
1368,Oberiberg,,,
1369,Riemenstalden,,,
137,Oberrieden,,,
1370,Rothenthurm,,,
1371,Sattel,,,
1372,Schwyz,,Schwytz,Svitto
1373,Steinen,,,
1374,Steinerberg,,,
1375,Unteriberg,,,
138,Richterswil,,,
139,Rüschlikon,,,
14,Wettswil am Albis,,,
140,Schönenberg (ZH),,,
1401,Alpnach,,,
1402,Engelberg,,,
1403,Giswil,,,
1404,Kerns,,,
1405,Lungern,,,
1406,Sachseln,,,
1407,Sarnen,,,
141,Thalwil,,,
142,Wädenswil,,,
1501,Beckenried,,,
1502,Buochs,,,
1503,Dallenwil,,,
1504,Emmetten,,,
1505,Ennetbürgen,,,
1506,Ennetmoos,,,
1507,Hergiswil (NW),,,
1508,Oberdorf (NW),,,
1509,Stans,,,
151,Erlenbach (ZH),,,
1510,Stansstad,,,
1511,Wolfenschiessen,,,
152,Herrliberg,,,
153,Hombrechtikon,,,
154,Küsnacht (ZH),,,
155,Männedorf,,,
156,Meilen,,,
157,Oetwil am See,,,
158,Stäfa,,,
159,Uetikon am See,,,
160,Zumikon,,,
161,Zollikon,,,
1630,Glarus Nord,,,
1631,Glarus Süd,,,
1632,Glarus,,Glaris,Glarona
1701,Baar,,,
1702,Cham,,,
1703,Hünenberg,,,
1704,Menzingen,,,
1705,Neuheim,,,
1706,Oberägeri,,,
1707,Risch,,,
1708,Steinhausen,,,
1709,Unterägeri,,,
1710,Walchwil,,,
1711,Zug,,Zoug,Zugo
172,Fehraltorf,,,
173,Hittnau,,,
176,Lindau,,,
177,Pfäffikon,,,
178,Russikon,,,
180,Weisslingen,,,
181,Wila,,,
182,Wildberg,,,
191,Dübendorf,,,
192,Egg,,,
193,Fällanden,,,
194,Greifensee,,,
195,Maur,,,
196,Mönchaltorf,,,
197,Schwerzenbach,,,
198,Uster,,,
199,Volketswil,,,
2,Affoltern am Albis,,,
200,Wangen-Brüttisellen,,,
2008,Châtillon (FR),,,
2009,Cheiry,,,
2011,Cugy (FR),,,
2016,Fétigny,,,
2022,Gletterens,,,
2025,Lully (FR),,,
2027,Ménières,,,
2029,Montagny (FR),,,
2035,Nuvilly,,,
2038,Prévondavaux,,,
2041,Saint-Aubin (FR),,,
2043,Sévaz,,,
2044,Surpierre,,,
2045,Vallon,,,
2050,Les Montets,,,
2051,Delley-Portalban,,,
2053,Belmont-Broye,,,
2054,Estavayer,,,
2055,Cheyres-Châbles,,,
2061,Auboranges,,,
2063,Billens-Hennens,,,
2066,Chapelle (Glâne),,,
2067,Le Châtelard,,,
2068,Châtonnaye,,,
2072,Ecublens (FR),,,
2079,Grangettes,,,
2086,Massonnens,,,
2087,Mézières (FR),,,
2089,Montet (Glâne),,,
2096,Romont (FR),,,
2097,Rue,,,
2099,Siviriez,,,
21,Adlikon,,,
2102,Ursy,,,
211,Altikon,,,
2111,Villaz-Saint-Pierre,,,
2113,Vuisternens-devant-Romont,,,
2114,Villorsonnens,,,
2115,Torny,,,
2116,La Folliaz,,,
2121,Haut-Intyamon,,,
2122,Pont-en-Ogoz,,,
2123,Botterens,,,
2124,Broc,,,
2125,Bulle,,,
2128,Châtel-sur-Montsalvens,,,
2129,Corbières,,,
213,Brütten,,,
2130,Crésuz,,,
2131,Echarlens,,,
2134,Grandvillard,,,
2135,Gruyères,Greyerz,,
2137,Hauteville,,,
2138,Jaun,,Bellegarde,
214,Dägerlen,,,
2140,Marsens,,,
2143,Morlon,,,
2145,Le Pâquier (FR),,,
2147,Pont-la-Ville,,,
2148,Riaz,,,
2149,La Roche,,,
215,Dättlikon,,,
2152,Sâles,,,
2153,Sorens,,,
2155,Vaulruz,,,
216,Dinhard,,,
2160,Vuadens,,,
2162,Bas-Intyamon,,,
2163,Val-de-Charmey,,,
217,Elgg,,,
2171,Arconciel,,,
2173,Autigny,,,
2174,Avry,,,
2175,Belfaux,,,
2177,Chénens,,,
218,Ellikon an der Thur,,,
2183,Corminboeuf,,,
2185,Corserey,,,
2186,Cottens (FR),,,
2189,Ependes (FR),,,
219,Elsau,,,
2194,Ferpicloz,,,
2196,Fribourg,Freiburg,,Friburgo
2197,Givisiez,,,
2198,Granges-Paccot,,,
22,Benken (ZH),,,
220,Hagenbuch,,,
2200,Grolley,,,
2206,Marly,,,
2208,Matran,,,
221,Hettlingen,,,
2211,Neyruz (FR),,,
2213,Noréaz,,,
2216,Pierrafortscha,,,
2217,Ponthaux,,,
222,Hofstetten (ZH),,,
2220,Le Mouret,,,
2221,Prez-vers-Noréaz,,,
2225,Senèdes,,,
2226,Treyvaux,,,
2228,Villars-sur-Glâne,,,
223,Neftenbach,,,
2230,Villarsel-sur-Marly,,,
2233,Hauterive (FR),,,
2234,La Brillaz,,,
2235,La Sonnaz,,,
2236,Gibloux,,,
224,Pfungen,,,
225,Rickenbach (ZH),,,
2250,Courgevaux,Gurwolf,,
2254,Courtepin,,,
2257,Cressier (FR),,,
2258,Fräschels,,,
2259,Galmiz,,,
226,Schlatt (ZH),,,
2260,Gempenach,,Champagny,
2261,Greng,,,
2262,Gurmels,,Cormondes,
2265,Kerzers,,Chiètres (FR),
2266,Kleinbösingen,,,
227,Seuzach,,,
2271,Meyriez,Merlach,,
2272,Misery-Courtion,,,
2274,Muntelier,,Montilier,
2275,Murten,,Morat,Morat
2276,Ried bei Kerzers,,,
2278,Ulmiz,,Ormey,
228,Turbenthal,,,
2284,Mont-Vully,,,
2291,Alterswil,,,
2292,Brünisried,,,
2293,Düdingen,,Guin,
2294,Giffers,,Chevrilles,
2295,Bösingen,,,
2296,Heitenried,,,
2299,Plaffeien,,Planfayon,
23,Berg am Irchel,,,
230,Winterthur,,Winterthour,
2300,Plasselb,,,
2301,Rechthalten,,Dirlaret,
2302,St. Antoni,,Saint-Antoine,
2303,St. Silvester,,Saint-Silvestre,
2304,St. Ursen,,Saint-Ours,
2305,Schmitten (FR),,,
2306,Tafers,,Tavel,
2307,Tentlingen,,Tinterin,
2308,Ueberstorf,,,
2309,Wünnewil-Flamatt,,,
231,Zell (ZH),,,
2321,Attalens,,,
2323,Bossonnens,,,
2325,Châtel-Saint-Denis,,,
2328,Granges (Veveyse),,,
2333,Remaufens,,,
2335,Saint-Martin (FR),,,
2336,Semsales,,,
2337,Le Flon,,,
2338,La Verrerie,,,
24,Buch am Irchel,,,
2401,Egerkingen,,,
2402,Härkingen,,,
2403,Kestenholz,,,
2404,Neuendorf,,,
2405,Niederbuchsiten,,,
2406,Oberbuchsiten,,,
2407,Oensingen,,,
2408,Wolfwil,,,
241,Aesch (ZH),,,
242,Birmensdorf (ZH),,,
2421,Aedermannsdorf,,,
2422,Balsthal,,,
2423,Gänsbrunnen,,,
2424,Herbetswil,,,
2425,Holderbank (SO),,,
2426,Laupersdorf,,,
2427,Matzendorf,,,
2428,Mümliswil-Ramiswil,,,
2429,Welschenrohr,,,
243,Dietikon,,,
244,Geroldswil,,,
2445,Biezwil,,,
245,Oberengstringen,,,
2455,Lüterkofen-Ichertswil,,,
2456,Lüterswil-Gächliwil,,,
2457,Messen,,,
246,Oetwil an der Limmat,,,
2461,Schnottwil,,,
2463,Unterramsern,,,
2464,Lüsslingen-Nennigkofen,,,
2465,Buchegg,,,
247,Schlieren,,,
2471,Bättwil,,,
2472,Büren (SO),,,
2473,Dornach,,,
2474,Gempen,,,
2475,Hochwald,,,
2476,Hofstetten-Flüh,,,
2477,Metzerlen-Mariastein,,,
2478,Nuglar-St. Pantaleon,,,
2479,Rodersdorf,,,
248,Uitikon,,,
2480,Seewen,,,
2481,Witterswil,,,
249,Unterengstringen,,,
2491,Hauenstein-Ifenthal,,,
2492,Kienberg,,,
2493,Lostorf,,,
2495,Niedergösgen,,,
2497,Obergösgen,,,
2498,Rohr (SO),,,
2499,Stüsslingen,,,
25,Dachsen,,,
250,Urdorf,,,
2500,Trimbach,,,
2501,Winznau,,,
2502,Wisen (SO),,,
2503,Erlinsbach (SO),,,
251,Weiningen (ZH),,,
2511,Aeschi (SO),,,
2513,Biberist,,,
2514,Bolken,,,
2516,Deitingen,,,
2517,Derendingen,,,
2518,Etziken,,,
2519,Gerlafingen,,,
2520,Halten,,,
2523,Horriwil,,,
2524,Hüniken,,,
2525,Kriegstetten,,,
2526,Lohn-Ammannsegg,,,
2527,Luterbach,,,
2528,Obergerlafingen,,,
2529,Oekingen,,,
2530,Recherswil,,,
2532,Subingen,,,
2534,Zuchwil,,,
2535,Drei Höfe,,,
2541,Balm bei Günsberg,,,
2542,Bellach,,,
2543,Bettlach,,,
2544,Feldbrunnen-St. Niklaus,,,
2545,Flumenthal,,,
2546,Grenchen,,Granges (SO),
2547,Günsberg,,,
2548,Hubersdorf,,,
2549,Kammersrohr,,,
2550,Langendorf,,,
2551,Lommiswil,,,
2553,Oberdorf (SO),,,
2554,Riedholz,,,
2555,Rüttenen,,,
2556,Selzach,,,
2571,Boningen,,,
2572,Däniken,,,
2573,Dulliken,,,
2574,Eppenberg-Wöschnau,,,
2575,Fulenbach,,,
2576,Gretzenbach,,,
2578,Gunzgen,,,
2579,Hägendorf,,,
2580,Kappel (SO),,,
2581,Olten,,,
2582,Rickenbach (SO),,,
2583,Schönenwerd,,,
2584,Starrkirch-Wil,,,
2585,Walterswil (SO),,,
2586,Wangen bei Olten,,,
26,Dorf,,,
2601,Solothurn,,Soleure,Soletta
261,Zürich,,Zurich,Zurigo
2611,Bärschwil,,,
2612,Beinwil (SO),,,
2613,Breitenbach,,,
2614,Büsserach,,,
2615,Erschwil,,,
2616,Fehren,,,
2617,Grindel,,,
2618,Himmelried,,,
2619,Kleinlützel,,,
2620,Meltingen,,,
2621,Nunningen,,,
2622,Zullwil,,,
27,Feuerthalen,,,
2701,Basel,,Bâle,Basilea
2702,Bettingen,,,
2703,Riehen,,,
2761,Aesch (BL),,,
2762,Allschwil,,,
2763,Arlesheim,,,
2764,Biel-Benken,,,
2765,Binningen,,,
2766,Birsfelden,,,
2767,Bottmingen,,,
2768,Ettingen,,,
2769,Münchenstein,,,
2770,Muttenz,,,
2771,Oberwil (BL),,,
2772,Pfeffingen,,,
2773,Reinach (BL),,,
2774,Schönenbuch,,,
2775,Therwil,,,
2781,Blauen,,,
2782,Brislach,,,
2783,Burg im Leimental,,,
2784,Dittingen,,,
2785,Duggingen,,,
2786,Grellingen,,,
2787,Laufen,,Laufon,
2788,Liesberg,,,
2789,Nenzlingen,,,
2790,Roggenburg,,,
2791,Röschenz,,,
2792,Wahlen,,,
2793,Zwingen,,,
28,Flaach,,,
2821,Arisdorf,,,
2822,Augst,,,
2823,Bubendorf,,,
2824,Frenkendorf,,,
2825,Füllinsdorf,,,
2826,Giebenach,,,
2827,Hersberg,,,
2828,Lausen,,,
2829,Liestal,,,
2830,Lupsingen,,,
2831,Pratteln,,,
2832,Ramlinsburg,,,
2833,Seltisberg,,,
2834,Ziefen,,,
2841,Anwil,,,
2842,Böckten,,,
2843,Buckten,,,
2844,Buus,,,
2845,Diepflingen,,,
2846,Gelterkinden,,,
2847,Häfelfingen,,,
2848,Hemmiken,,,
2849,Itingen,,,
2850,Känerkinden,,,
2851,Kilchberg (BL),,,
2852,Läufelfingen,,,
2853,Maisprach,,,
2854,Nusshof,,,
2855,Oltingen,,,
2856,Ormalingen,,,
2857,Rickenbach (BL),,,
2858,Rothenfluh,,,
2859,Rümlingen,,,
2860,Rünenberg,,,
2861,Sissach,,,
2862,Tecknau,,,
2863,Tenniken,,,
2864,Thürnen,,,
2865,Wenslingen,,,
2866,Wintersingen,,,
2867,Wittinsburg,,,
2868,Zeglingen,,,
2869,Zunzgen,,,
2881,Arboldswil,,,
2882,Bennwil,,,
2883,Bretzwil,,,
2884,Diegten,,,
2885,Eptingen,,,
2886,Hölstein,,,
2887,Lampenberg,,,
2888,Langenbruck,,,
2889,Lauwil,,,
2890,Liedertswil,,,
2891,Niederdorf,,,
2892,Oberdorf (BL),,,
2893,Reigoldswil,,,
2894,Titterten,,,
2895,Waldenburg,,,
29,Flurlingen,,,
2901,Gächlingen,,,
2903,Löhningen,,,
2904,Neunkirch,,,
2914,Büttenhardt,,,
2915,Dörflingen,,,
2917,Lohn (SH),,,
2919,Stetten (SH),,,
2920,Thayngen,,,
2931,Bargen (SH),,,
2932,Beringen,,,
2933,Buchberg,,,
2936,Merishausen,,,
2937,Neuhausen am Rheinfall,,,
2938,Rüdlingen,,,
2939,Schaffhausen,,Schaffhouse,Sciaffusa
2951,Beggingen,,,
2952,Schleitheim,,,
2953,Siblingen,,,
296,Illnau-Effretikon,,,
2961,Buch (SH),,,
2962,Hemishofen,,,
2963,Ramsen,,,
2964,Stein am Rhein,,,
297,Bauma,,,
2971,Hallau,,,
2972,Oberhallau,,,
2973,Trasadingen,,,
2974,Wilchingen,,,
298,Wiesendangen,,,
3,Bonstetten,,,
30,Andelfingen,,,
3001,Herisau,,,
3002,Hundwil,,,
3003,Schönengrund,,,
3004,Schwellbrunn,,,
3005,Stein (AR),,,
3006,Urnäsch,,,
3007,Waldstatt,,,
301,Aarberg,,,
302,Bargen (BE),,,
3021,Bühler,,,
3022,Gais,,,
3023,Speicher,,,
3024,Teufen (AR),,,
3025,Trogen,,,
303,Grossaffoltern,,,
3031,Grub (AR),,,
3032,Heiden,,,
3033,Lutzenberg,,,
3034,Rehetobel,,,
3035,Reute (AR),,,
3036,Wald (AR),,,
3037,Walzenhausen,,,
3038,Wolfhalden,,,
304,Kallnach,,,
305,Kappelen,,,
306,Lyss,,,
307,Meikirch,,,
309,Radelfingen,,,
31,Henggart,,,
310,Rapperswil (BE),,,
3101,Appenzell,,,Appenzello
3102,Gonten,,,
3103,Rüte,,,
3104,Schlatt-Haslen,,,
3105,Schwende,,,
311,Schüpfen,,,
3111,Oberegg,,,
312,Seedorf (BE),,,
32,Humlikon,,,
3201,Häggenschwil,,,
3202,Muolen,,,
3203,St. Gallen,,Saint-Gall,San Gallo
3204,Wittenbach,,,
321,Aarwangen,,,
3211,Berg (SG),,,
3212,Eggersriet,,,
3213,Goldach,,,
3214,Mörschwil,,,
3215,Rorschach,,,
3216,Rorschacherberg,,,
3217,Steinach,,,
3218,Tübach,,,
3219,Untereggen,,,
322,Auswil,,,
323,Bannwil,,,
3231,Au (SG),,,
3232,Balgach,,,
3233,Berneck,,,
3234,Diepoldsau,,,
3235,Rheineck,,,
3236,St. Margrethen,,,
3237,Thal,,,
3238,Widnau,,,
324,Bleienbach,,,
325,Busswil bei Melchnau,,,
3251,Altstätten,,,
3252,Eichberg,,,
3253,Marbach (SG),,,
3254,Oberriet (SG),,,
3255,Rebstein,,,
3256,Rüthi (SG),,,
326,Gondiswil,,,
3271,Buchs (SG),,,
3272,Gams,,,
3273,Grabs,,,
3274,Sennwald,,,
3275,Sevelen,,,
3276,Wartau,,,
329,Langenthal,,,
3291,Bad Ragaz,,,
3292,Flums,,,
3293,Mels,,,
3294,Pfäfers,,,
3295,Quarten,,,
3296,Sargans,,,
3297,Vilters-Wangs,,,
3298,Walenstadt,,,
33,Kleinandelfingen,,,
331,Lotzwil,,,
3311,Amden,,,
3312,Benken (SG),,,
3313,Kaltbrunn,,,
3315,Schänis,,,
3316,Weesen,,,
332,Madiswil,,,
333,Melchnau,,,
3338,Schmerikon,,,
3339,Uznach,,,
334,Obersteckholz,,,
3340,Rapperswil-Jona,,,
3341,Gommiswald,,,
3342,Eschenbach (SG),,,
335,Oeschenbach,,,
3352,Ebnat-Kappel,,,
3359,Wildhaus-Alt St. Johann,,,
336,Reisiswil,,,
3360,Nesslau,,,
337,Roggwil (BE),,,
3372,Hemberg,,,
3374,Lichtensteig,,,
3375,Oberhelfenschwil,,,
3378,Neckertal,,,
3379,Wattwil,,,
338,Rohrbach,,,
339,Rohrbachgraben,,,
3392,Kirchberg (SG),,,
3393,Lütisburg,,,
3394,Mosnang,,,
3395,Bütschwil-Ganterschwil,,,
34,Laufen-Uhwiesen,,,
340,Rütschelen,,,
3401,Degersheim,,,
3402,Flawil,,,
3405,Jonschwil,,,
3407,Oberuzwil,,,
3408,Uzwil,,,
341,Schwarzhäusern,,,
342,Thunstetten,,,
3422,Niederbüren,,,
3423,Niederhelfenschwil,,,
3424,Oberbüren,,,
3426,Zuzwil (SG),,,
3427,Wil (SG),,,
344,Ursenbach,,,
3441,Andwil (SG),,,
3442,Gaiserwald,,,
3443,Gossau (SG),,,
3444,Waldkirch,,,
345,Wynau,,,
35,Marthalen,,,
3503,Mutten,,,
3506,Vaz/Obervaz,,,
351,Bern,,Berne,Berna
3513,Lantsch/Lenz,,,
3514,Schmitten (GR),,,
352,Bolligen,,,
3521,Bergün/Bravuogn,,,
3522,Filisur,,,
353,Bremgarten bei Bern,,,
354,Kirchlindach,,,
3542,Albula/Alvra,,,
3543,Surses,,,
355,Köniz,,,
3551,Brusio,,,
356,Muri bei Bern,,,
3561,Poschiavo,,,
357,Oberbalm,,,
3572,Falera,,,
3575,Laax,,,
358,Stettlen,,,
3581,Sagogn,,,
3582,Schluein,,,
359,Vechigen,,,
36,Oberstammheim,,,
360,Wohlen bei Bern,,,
3603,Vals,,,
361,Zollikofen,,,
3611,Andiast,,,
3616,Waltensburg/Vuorz,,,
3618,Lumnezia,,,
3619,Ilanz/Glion,,,
362,Ittigen,,,
363,Ostermundigen,,,
3633,Fürstenau,,,
3637,Rothenbrunnen,,,
3638,Scharans,,,
3640,Sils im Domleschg,,,
3661,Cazis,,,
3662,Flerden,,,
3663,Masein,,,
3668,Thusis,,,
3669,Tschappina,,,
3670,Urmein,,,
3672,Safiental,,,
3673,Domleschg,,,
3681,Avers,,,
3691,Hinterrhein,,,
3693,Nufenen,,,
3694,Splügen,,,
3695,Sufers,,,
37,Ossingen,,,
3701,Andeer,,,
3703,Casti-Wergenstein,,,
3705,Donat,,,
3707,Lohn (GR),,,
3708,Mathon,,,
371,Biel/Bienne,Biel (BE),Bienne,Bienne
3711,Rongellen,,,
3712,Zillis-Reischen,,,
3713,Ferrera,,,
372,Evilard,Leubringen,,
3721,Bonaduz,,,
3722,Domat/Ems,,,
3723,Rhäzüns,,,
3731,Felsberg,,,
3732,Flims,,,
3733,Tamins,,,
3734,Trin,,,
3746,Zernez,,,
3752,Samnaun,,,
3762,Scuol,,,
3764,Valsot,,,
3781,Bever,,,
3782,Celerina/Schlarigna,,,
3783,Madulain,,,
3784,Pontresina,,,
3785,La Punt-Chamues-ch,,,
3786,Samedan,,,
3787,St. Moritz,,,
3788,S-chanf,,,
3789,Sils im Engadin/Segl,,,
3790,Silvaplana,,,
3791,Zuoz,,,
3792,Bregaglia,,,
38,Rheinau,,,
3804,Buseno,,,
3805,Castaneda,,,
3808,Rossa,,,
381,Arch,,,
3810,Santa Maria in Calanca,,,
382,Büetigen,,,
3821,Lostallo,,,
3822,Mesocco,,,
3823,Soazza,,,
383,Büren an der Aare,,,
3831,Cama,,,
3832,Grono,,,
3834,Roveredo (GR),,,
3835,San Vittore,,,
3837,Calanca,,,
3847,Val Müstair,,,
385,Diessbach bei Büren,,,
3851,Davos,,,
386,Dotzigen,,,
3861,Fideris,,,
3862,Furna,,,
3863,Jenaz,,,
387,Lengnau (BE),,Longeau,
3871,Klosters-Serneus,,,
388,Leuzigen,,,
3881,Conters im Prättigau,,,
3882,Küblis,,,
389,Meienried,,,
3891,Luzein,,,
39,Thalheim an der Thur,,,
390,Meinisberg,,,
3901,Chur,,Coire,Coira
391,Oberwil bei Büren,,,
3911,Churwalden,,,
392,Pieterlen,,Perles,
3921,Arosa,,,
3926,Maladers,,,
393,Rüti bei Büren,,,
3932,Tschiertschen-Praden,,,
394,Wengi,,,
3941,Haldenstein,,,
3945,Trimmis,,,
3946,Untervaz,,,
3947,Zizers,,,
3951,Fläsch,,,
3952,Jenins,,,
3953,Maienfeld,,,
3954,Malans,,,
3955,Landquart,,,
3961,Grüsch,,,
3962,Schiers,,,
3972,Seewis im Prättigau,,,
3981,Breil/Brigels,,,
3982,Disentis/Mustér,,,
3983,Medel (Lucmagn),,,
3985,Sumvitg,,,
3986,Tujetsch,,,
3987,Trun,,,
3988,Obersaxen Mundaun,,,
4,Hausen am Albis,,,
40,Trüllikon,,,
4001,Aarau,,,
4002,Biberstein,,,
4003,Buchs (AG),,,
4004,Densbüren,,,
4005,Erlinsbach (AG),,,
4006,Gränichen,,,
4007,Hirschthal,,,
4008,Küttigen,,,
4009,Muhen,,,
401,Aefligen,,,
4010,Oberentfelden,,,
4012,Suhr,,,
4013,Unterentfelden,,,
402,Alchenstorf,,,
4021,Baden,,,
4022,Bellikon,,,
4023,Bergdietikon,,,
4024,Birmenstorf (AG),,,
4026,Ennetbaden,,,
4027,Fislisbach,,,
4028,Freienwil,,,
4029,Gebenstorf,,,
403,Bäriswil,,,
4030,Killwangen,,,
4031,Künten,,,
4032,Mägenwil,,,
4033,Mellingen,,,
4034,Neuenhof,,,
4035,Niederrohrdorf,,,
4037,Oberrohrdorf,,,
4038,Obersiggenthal,,,
4039,Remetschwil,,,
404,Burgdorf,,Berthoud,
4040,Spreitenbach,,,
4041,Stetten (AG),,,
4042,Turgi,,,
4044,Untersiggenthal,,,
4045,Wettingen,,,
4046,Wohlenschwil,,,
4047,Würenlingen,,,
4048,Würenlos,,,
4049,Ehrendingen,,,
405,Ersigen,,,
406,Hasle bei Burgdorf,,,
4061,Arni (AG),,,
4062,Berikon,,,
4063,Bremgarten (AG),,,
4064,Büttikon,,,
4065,Dottikon,,,
4066,Eggenwil,,,
4067,Fischbach-Göslikon,,,
4068,Hägglingen,,,
407,Heimiswil,,,
4071,Jonen,,,
4072,Niederwil (AG),,,
4073,Oberlunkhofen,,,
4074,Oberwil-Lieli,,,
4075,Rudolfstetten-Friedlisberg,,,
4076,Sarmenstorf,,,
4077,Tägerig,,,
4078,Uezwil,,,
4079,Unterlunkhofen,,,
408,Hellsau,,,
4080,Villmergen,,,
4081,Widen,,,
4082,Wohlen (AG),,,
4083,Zufikon,,,
4084,Islisberg,,,
409,Hindelbank,,,
4091,Auenstein,,,
4092,Birr,,,
4093,Birrhard,,,
4094,Bözen,,,
4095,Brugg,,,
4096,Effingen,,,
4097,Elfingen,,,
4099,Habsburg,,,
41,Truttikon,,,
410,Höchstetten,,,
4100,Hausen (AG),,,
4104,Lupfig,,,
4105,Mandach,,,
4106,Mönthal,,,
4107,Mülligen,,,
411,Kernenried,,,
4110,Remigen,,,
4111,Riniken,,,
4112,Rüfenach,,,
4113,Scherz,,,
4114,Schinznach-Bad,,,
4117,Thalheim (AG),,,
412,Kirchberg (BE),,,
4120,Veltheim (AG),,,
4121,Villigen,,,
4122,Villnachern,,,
4123,Windisch,,,
4124,Bözberg,,,
4125,Schinznach,,,
413,Koppigen,,,
4131,Beinwil am See,,,
4132,Birrwil,,,
4133,Burg (AG),,,
4134,Dürrenäsch,,,
4135,Gontenschwil,,,
4136,Holziken,,,
4137,Leimbach (AG),,,
4138,Leutwil,,,
4139,Menziken,,,
414,Krauchthal,,,
4140,Oberkulm,,,
4141,Reinach (AG),,,
4142,Schlossrued,,,
4143,Schmiedrued,,,
4144,Schöftland,,,
4145,Teufenthal (AG),,,
4146,Unterkulm,,,
4147,Zetzwil,,,
415,Lyssach,,,
416,Mötschwil,,,
4161,Eiken,,,
4163,Frick,,,
4164,Gansingen,,,
4165,Gipf-Oberfrick,,,
4166,Herznach,,,
4167,Hornussen,,,
4169,Kaisten,,,
4170,Laufenburg,,,
4172,Münchwilen (AG),,,
4173,Oberhof,,,
4175,Oeschgen,,,
4176,Schwaderloch,,,
4177,Sisseln,,,
4179,Ueken,,,
418,Oberburg,,,
4181,Wittnau,,,
4182,Wölflinswil,,,
4183,Zeihen,,,
4184,Mettauertal,,,
4191,Ammerswil,,,
4192,Boniswil,,,
4193,Brunegg,,,
4194,Dintikon,,,
4195,Egliswil,,,
4196,Fahrwangen,,,
4197,Hallwil,,,
4198,Hendschiken,,,
4199,Holderbank (AG),,,
42,Unterstammheim,,,
420,Rüdtligen-Alchenflüh,,,
4200,Hunzenschwil,,,
4201,Lenzburg,,,
4202,Meisterschwanden,,,
4203,Möriken-Wildegg,,,
4204,Niederlenz,,,
4205,Othmarsingen,,,
4206,Rupperswil,,,
4207,Schafisheim,,,
4208,Seengen,,,
4209,Seon,,,
421,Rumendingen,,,
4210,Staufen,,,
422,Rüti bei Lyssach,,,
4221,Abtwil,,,
4222,Aristau,,,
4223,Auw,,,
4224,Beinwil (Freiamt),,,
4226,Besenbüren,,,
4227,Bettwil,,,
4228,Boswil,,,
4229,Bünzen,,,
423,Willadingen,,,
4230,Buttwil,,,
4231,Dietwil,,,
4232,Geltwil,,,
4233,Kallern,,,
4234,Merenschwand,,,
4235,Mühlau,,,
4236,Muri (AG),,,
4237,Oberrüti,,,
4238,Rottenschwil,,,
4239,Sins,,,
424,Wynigen,,,
4240,Waltenschwil,,,
4251,Hellikon,,,
4252,Kaiseraugst,,,
4253,Magden,,,
4254,Möhlin,,,
4255,Mumpf,,,
4256,Obermumpf,,,
4257,Olsberg,,,
4258,Rheinfelden,,,
4259,Schupfart,,,
4260,Stein (AG),,,
4261,Wallbach,,,
4262,Wegenstetten,,,
4263,Zeiningen,,,
4264,Zuzgen,,,
4271,Aarburg,,,
4272,Attelwil,,,
4273,Bottenwil,,,
4274,Brittnau,,,
4275,Kirchleerau,,,
4276,Kölliken,,,
4277,Moosleerau,,,
4279,Murgenthal,,,
4280,Oftringen,,,
4281,Reitnau,,,
4282,Rothrist,,,
4283,Safenwil,,,
4284,Staffelbach,,,
4285,Strengelbach,,,
4286,Uerkheim,,,
4287,Vordemwald,,,
4288,Wiliberg,,,
4289,Zofingen,,Zofingue,
43,Volken,,,
4301,Baldingen,,,
4302,Böbikon,,,
4303,Böttstein,,,
4304,Döttingen,,,
4305,Endingen,,,
4306,Fisibach,,,
4307,Full-Reuenthal,,,
4308,Kaiserstuhl,,,
4309,Klingnau,,,
431,Corgémont,,,
4310,Koblenz,,,
4311,Leibstadt,,,
4312,Lengnau (AG),,,
4313,Leuggern,,,
4314,Mellikon,,,
4315,Rekingen (AG),,,
4316,Rietheim,,,
4317,Rümikon,,,
4318,Schneisingen,,,
4319,Siglistorf,,,
432,Cormoret,,,
4320,Tegerfelden,,,
4322,Wislikofen,,,
4323,Bad Zurzach,,,
433,Cortébert,,,
434,Courtelary,,,
435,La Ferrière,,,
437,Mont-Tramelan,,,
438,Orvin,,,
44,Waltalingen,,,
4401,Arbon,,,
4406,Dozwil,,,
441,Renan (BE),,,
4411,Egnach,,,
4416,Hefenhofen,,,
442,Romont (BE),,,
4421,Horn,,,
4426,Kesswil,,,
443,Saint-Imier,St. Immer,,
4431,Roggwil (TG),,,
4436,Romanshorn,,,
444,Sonceboz-Sombeval,,,
4441,Salmsach,,,
4446,Sommeri,,,
445,Sonvilier,,,
4451,Uttwil,,,
446,Tramelan,,,
4461,Amriswil,,,
4471,Bischofszell,,,
4476,Erlen,,,
448,Villeret,,,
4486,Hauptwil-Gottshaus,,,
449,Sauge,,,
4495,Hohentannen,,,
450,Péry-La Heutte,,,
4501,Kradolf-Schönenberg,,,
4506,Sulgen,,,
4511,Zihlschlacht-Sitterdorf,,,
4536,Basadingen-Schlattingen,,,
4545,Diessenhofen,,,
4546,Schlatt (TG),,,
4551,Aadorf,,,
4561,Felben-Wellhausen,,,
4566,Frauenfeld,,,
4571,Gachnang,,,
4590,Hüttlingen,,,
4591,Matzingen,,,
4601,Neunforn,,,
4606,Stettfurt,,,
4611,Thundorf,,,
4616,Uesslingen-Buch,,,
4621,Warth-Weiningen,,,
4641,Altnau,,,
4643,Bottighofen,,,
4646,Ermatingen,,,
4651,Gottlieben,,,
4656,Güttingen,,,
4666,Kemmental,,,
4671,Kreuzlingen,,,
4681,Langrickenbach,,,
4683,Lengwil,,,
4691,Münsterlingen,,,
4696,Tägerwilen,,,
4701,Wäldi,,,
4711,Affeltrangen,,,
4716,Bettwiesen,,,
4721,Bichelsee-Balterswil,,,
4723,Braunau,,,
4724,Eschlikon,,,
4726,Fischingen,,,
4741,Lommis,,,
4746,Münchwilen (TG),,,
4751,Rickenbach (TG),,,
4756,Schönholzerswilen,,,
4761,Sirnach,,,
4776,Tobel-Tägerschen,,,
4781,Wängi,,,
4786,Wilen (TG),,,
4791,Wuppenau,,,
4801,Berlingen,,,
4806,Eschenz,,,
4811,Herdern,,,
4816,Homburg,,,
4821,Hüttwilen,,,
4826,Mammern,,,
4831,Müllheim,,,
4841,Pfyn,,,
4846,Raperswilen,,,
4851,Salenstein,,,
4864,Steckborn,,,
4871,Wagenhausen,,,
4881,Amlikon-Bissegg,,,
4891,Berg (TG),,,
4901,Birwinken,,,
491,Brüttelen,,,
4911,Bürglen (TG),,,
492,Erlach,,Cerlier,
4921,Bussnang,,,
493,Finsterhennen,,,
494,Gals,,,
4941,Märstetten,,,
4946,Weinfelden,,,
495,Gampelen,,Champion,
4951,Wigoltingen,,,
496,Ins,,Anet,
497,Lüscherz,,,
498,Müntschemier,,,
499,Siselen,,,
5,Hedingen,,,
500,Treiten,,,
5001,Arbedo-Castione,,,
5002,Bellinzona,,Bellinzone,
5003,Cadenazzo,,,
5009,Isone,,,
501,Tschugg,,,
5010,Lumino,,,
5017,Sant'Antonino,,,
502,Vinelz,,,
5048,Acquarossa,,,
5049,Blenio,,,
5050,Serravalle,,,
5061,Airolo,,,
5063,Bedretto,,,
5064,Bodio,,,
5071,Dalpe,,,
5072,Faido,,,
5073,Giornico,,,
5076,Personico,,,
5077,Pollegio,,,
5078,Prato (Leventina),,,
5079,Quinto,,,
5091,Ascona,,,
5095,Brione (Verzasca),,,
5096,Brione sopra Minusio,,,
5097,Brissago,,,
51,Bachenbülach,,,
5102,Corippo,,,
5105,Frasco,,,
5108,Gordola,,,
5112,Lavertezzo,,,
5113,Locarno,,,
5115,Losone,,,
5117,Mergoscia,,,
5118,Minusio,,,
5120,Muralto,,,
5121,Orselina,,,
5125,Ronco sopra Ascona,,,
5129,Sonogno,,,
5131,Tenero-Contra,,,
5135,Vogorno,,,
5136,Onsernone,,,
5138,Cugnasco-Gerra,,,
5141,Agno,,,
5143,Aranno,,,
5144,Arogno,,,
5146,Astano,,,
5148,Bedano,,,
5149,Bedigliora,,,
5151,Bioggio,,,
5154,Bissone,,,
5160,Brusino Arsizio,,,
5161,Cademario,,,
5162,Cadempino,,,
5167,Canobbio,,,
5171,Caslano,,,
5176,Comano,,,
5178,Croglio,,,
5180,Cureglia,,,
5181,Curio,,,
5186,Grancia,,,
5187,Gravesano,,,
5189,Lamone,,,
5192,Lugano,,,
5193,Magliaso,,,
5194,Manno,,,
5195,Maroggia,,,
5196,Massagno,,,
5197,Melano,,,
5198,Melide,,,
5199,Mezzovico-Vira,,,
52,Bassersdorf,,,
5200,Miglieglia,,,
5202,Monteggio,,,
5203,Morcote,,,
5205,Muzzano,,,
5206,Neggio,,,
5207,Novaggio,,,
5208,Origlio,,,
5210,Paradiso,,,
5212,Ponte Capriasca,,,
5213,Ponte Tresa,,,
5214,Porza,,,
5216,Pura,,,
5219,Rovio,,,
5221,Savosa,,,
5222,Sessa,,,
5225,Sorengo,,,
5226,Capriasca,,,
5227,Torricella-Taverne,,,
5230,Vernate,,,
5231,Vezia,,,
5233,Vico Morcote,,,
5236,Collina d'Oro,,,
5237,Alto Malcantone,,,
5238,Monteceneri,,,
5242,Balerna,,,
5249,Castel San Pietro,,,
5250,Chiasso,,,
5251,Coldrerio,,,
5254,Mendrisio,,,
5257,Morbio Inferiore,,,
5260,Novazzano,,,
5263,Riva San Vitale,,,
5266,Stabio,,,
5268,Vacallo,,,
5269,Breggia,,,
5281,Biasca,,,
5287,Riviera,,,
53,Bülach,,,
5304,Bosco/Gurin,,,
5307,Campo (Vallemaggia),,,
5309,Cerentino,,,
5310,Cevio,,,
5315,Linescio,,,
5317,Maggia,,,
5323,Lavizzara,,,
5324,Avegno Gordevio,,,
533,Bätterkinden,,,
535,Deisswil bei Münchenbuchsee,,,
536,Diemerswil,,,
538,Fraubrunnen,,,
5396,Terre di Pedemonte,,,
5397,Centovalli,,,
5398,Gambarogno,,,
54,Dietlikon,,,
540,Jegenstorf,,,
5401,Aigle,,,
5402,Bex,,,
5403,Chessel,,,
5404,Corbeyrier,,,
5405,Gryon,,,
5406,Lavey-Morcles,,,
5407,Leysin,,,
5408,Noville,,,
5409,Ollon,,,
541,Iffwil,,,
5410,Ormont-Dessous,,,
5411,Ormont-Dessus,,,
5412,Rennaz,,,
5413,Roche (VD),,,
5414,Villeneuve (VD),,,
5415,Yvorne,,,
5421,Apples,,,
5422,Aubonne,,,
5423,Ballens,,,
5424,Berolle,,,
5425,Bière,,,
5426,Bougy-Villars,,,
5427,Féchy,,,
5428,Gimel,,,
5429,Longirod,,,
543,Mattstetten,,,
5430,Marchissy,,,
5431,Mollens (VD),,,
5432,Montherod,,,
5434,Saint-George,,,
5435,Saint-Livres,,,
5436,Saint-Oyens,,,
5437,Saubraz,,,
544,Moosseedorf,,,
5451,Avenches,,,
5456,Cudrefin,,,
5458,Faoug,,,
546,Münchenbuchsee,,,
5464,Vully-les-Lacs,,,
5471,Bettens,,,
5472,Bournens,,,
5473,Boussens,,,
5474,La Chaux (Cossonay),,,
5475,Chavannes-le-Veyron,,,
5476,Chevilly,,,
5477,Cossonay,,,
5478,Cottens (VD),,,
5479,Cuarnens,,,
5480,Daillens,,,
5481,Dizy,,,
5482,Eclépens,,,
5483,Ferreyres,,,
5484,Gollion,,,
5485,Grancy,,,
5486,L'Isle,,,
5487,Lussery-Villars,,,
5488,Mauraz,,,
5489,Mex (VD),,,
5490,Moiry,,,
5491,Mont-la-Ville,,,
5492,Montricher,,,
5493,Orny,,,
5494,Pampigny,,,
5495,Penthalaz,,,
5496,Penthaz,,,
5497,Pompaples,,,
5498,La Sarraz,,,
5499,Senarclens,,,
55,Eglisau,,,
5500,Sévery,,,
5501,Sullens,,,
5503,Vufflens-la-Ville,,,
551,Urtenen-Schönbühl,,,
5511,Assens,,,
5512,Bercher,,,
5513,Bioley-Orjulaz,,,
5514,Bottens,,,
5515,Bretigny-sur-Morrens,,,
5516,Cugy (VD),,,
5518,Echallens,,,
552,Utzenstorf,,,
5520,Essertines-sur-Yverdon,,,
5521,Etagnières,,,
5522,Fey,,,
5523,Froideville,,,
5527,Morrens (VD),,,
5529,Oulens-sous-Echallens,,,
553,Wiggiswil,,,
5530,Pailly,,,
5531,Penthéréaz,,,
5533,Poliez-Pittet,,,
5534,Rueyres,,,
5535,Saint-Barthélemy (VD),,,
5537,Villars-le-Terroir,,,
5539,Vuarrens,,,
554,Wiler bei Utzenstorf,,,
5540,Montilliez,,,
5541,Goumoëns,,,
5551,Bonvillars,,,
5552,Bullet,,,
5553,Champagne,,,
5554,Concise,,,
5555,Corcelles-près-Concise,,,
5556,Fiez,,,
5557,Fontaines-sur-Grandson,,,
5559,Giez,,,
556,Zielebach,,,
5560,Grandevent,,,
5561,Grandson,,,
5562,Mauborget,,,
5563,Mutrux,,,
5564,Novalles,,,
5565,Onnens (VD),,,
5566,Provence,,,
5568,Sainte-Croix,,,
557,Zuzwil (BE),,,
5571,Tévenon,,,
5581,Belmont-sur-Lausanne,,,
5582,Cheseaux-sur-Lausanne,,,
5583,Crissier,,,
5584,Epalinges,,,
5585,Jouxtens-Mézery,,,
5586,Lausanne,,,Losanna
5587,Le Mont-sur-Lausanne,,,
5588,Paudex,,,
5589,Prilly,,,
5590,Pully,,,
5591,Renens (VD),,,
5592,Romanel-sur-Lausanne,,,
56,Embrach,,,
5601,Chexbres,,,
5604,Forel (Lavaux),,,
5606,Lutry,,,
5607,Puidoux,,,
5609,Rivaz,,,
561,Adelboden,,,
5610,Saint-Saphorin (Lavaux),,,
5611,Savigny,,,
5613,Bourg-en-Lavaux,,,
562,Aeschi bei Spiez,,,
5621,Aclens,,,
5622,Bremblens,,,
5623,Buchillon,,,
5624,Bussigny,,,
5625,Bussy-Chardonney,,,
5627,Chavannes-près-Renens,,,
5628,Chigny,,,
5629,Clarmont,,,
563,Frutigen,,,
5631,Denens,,,
5632,Denges,,,
5633,Echandens,,,
5634,Echichens,,,
5635,Ecublens (VD),,,
5636,Etoy,,,
5637,Lavigny,,,
5638,Lonay,,,
5639,Lully (VD),,,
564,Kandergrund,,,
5640,Lussy-sur-Morges,,,
5642,Morges,,,
5643,Préverenges,,,
5644,Reverolle,,,
5645,Romanel-sur-Morges,,,
5646,Saint-Prex,,,
5648,Saint-Sulpice (VD),,,
5649,Tolochenaz,,,
565,Kandersteg,,,
5650,Vaux-sur-Morges,,,
5651,Villars-Sainte-Croix,,,
5652,Villars-sous-Yens,,,
5653,Vufflens-le-Château,,,
5654,Vullierens,,,
5655,Yens,,,
566,Krattigen,,,
5661,Boulens,,,
5663,Bussy-sur-Moudon,,,
5665,Chavannes-sur-Moudon,,,
5669,Curtilles,,,
567,Reichenbach im Kandertal,,,
5671,Dompierre (VD),,,
5673,Hermenches,,,
5674,Lovatens,,,
5675,Lucens,,,
5678,Moudon,,,
5680,Ogens,,,
5683,Prévonloup,,,
5684,Rossenges,,,
5688,Syens,,,
5690,Villars-le-Comte,,,
5692,Vucherens,,,
5693,Montanaire,,,
57,Freienstein-Teufen,,,
5701,Arnex-sur-Nyon,,,
5702,Arzier-Le Muids,,,
5703,Bassins,,,
5704,Begnins,,,
5705,Bogis-Bossey,,,
5706,Borex,,,
5707,Chavannes-de-Bogis,,,
5708,Chavannes-des-Bois,,,
5709,Chéserex,,,
571,Beatenberg,,,
5710,Coinsins,,,
5711,Commugny,,,
5712,Coppet,,,
5713,Crans-près-Céligny,,,
5714,Crassier,,,
5715,Duillier,,,
5716,Eysins,,,
5717,Founex,,,
5718,Genolier,,,
5719,Gingins,,,
572,Bönigen,,,
5720,Givrins,,,
5721,Gland,,,
5722,Grens,,,
5723,Mies,,,
5724,Nyon,,,
5725,Prangins,,,
5726,La Rippe,,,
5727,Saint-Cergue,,,
5728,Signy-Avenex,,,
5729,Tannay,,,
573,Brienz (BE),,,
5730,Trélex,,,
5731,Le Vaud,,,
5732,Vich,,,
574,Brienzwiler,,,
5741,L'Abergement,,,
5742,Agiez,,,
5743,Arnex-sur-Orbe,,,
5744,Ballaigues,,,
5745,Baulmes,,,
5746,Bavois,,,
5747,Bofflens,,,
5748,Bretonnières,,,
5749,Chavornay,,,
575,Därligen,,,
5750,Les Clées,,,
5752,Croy,,,
5754,Juriens,,,
5755,Lignerolle,,,
5756,Montcherand,,,
5757,Orbe,,,
5758,La Praz,,,
5759,Premier,,,
576,Grindelwald,,,
5760,Rances,,,
5761,Romainmôtier-Envy,,,
5762,Sergey,,,
5763,Valeyres-sous-Rances,,,
5764,Vallorbe,,,
5765,Vaulion,,,
5766,Vuiteboeuf,,,
577,Gsteigwiler,,,
578,Gündlischwand,,,
5785,Corcelles-le-Jorat,,,
5788,Essertes,,,
579,Habkern,,,
5790,Maracon,,,
5792,Montpreveyres,,,
5798,Ropraz,,,
5799,Servion,,,
58,Glattfelden,,,
580,Hofstetten bei Brienz,,,
5803,Vulliens,,,
5804,Jorat-Menthue,,,
5805,Oron,,,
5806,Jorat-Mézières,,,
581,Interlaken,,,
5812,Champtauroz,,,
5813,Chevroux,,,
5816,Corcelles-près-Payerne,,,
5817,Grandcour,,,
5819,Henniez,,,
582,Iseltwald,,,
5821,Missy,,,
5822,Payerne,,,
5827,Trey,,,
5828,Treytorrens (Payerne),,,
5830,Villarzel,,,
5831,Valbroye,,,
584,Lauterbrunnen,,,
5841,Château-d'Oex,,,
5842,Rossinière,,,
5843,Rougemont,,,
585,Leissigen,,,
5851,Allaman,,,
5852,Bursinel,,,
5853,Bursins,,,
5854,Burtigny,,,
5855,Dully,,,
5856,Essertines-sur-Rolle,,,
5857,Gilly,,,
5858,Luins,,,
5859,Mont-sur-Rolle,,,
586,Lütschental,,,
5860,Perroy,,,
5861,Rolle,,,
5862,Tartegnin,,,
5863,Vinzel,,,
587,Matten bei Interlaken,,,
5871,L'Abbaye,,,
5872,Le Chenit,,,
5873,Le Lieu,,,
588,Niederried bei Interlaken,,,
5881,Blonay,,,
5882,Chardonne,,,
5883,Corseaux,,,
5884,Corsier-sur-Vevey,,,
5885,Jongny,,,
5886,Montreux,,,
5888,Saint-Légier-La Chiésaz,,,
5889,La Tour-de-Peilz,,,
589,Oberried am Brienzersee,,,
5890,Vevey,,,
5891,Veytaux,,,
59,Hochfelden,,,
590,Ringgenberg (BE),,,
5902,Belmont-sur-Yverdon,,,
5903,Bioley-Magnoux,,,
5904,Chamblon,,,
5905,Champvent,,,
5907,Chavannes-le-Chêne,,,
5908,Chêne-Pâquier,,,
5909,Cheseaux-Noréaz,,,
591,Saxeten,,,
5910,Cronay,,,
5911,Cuarny,,,
5912,Démoret,,,
5913,Donneloye,,,
5914,Ependes (VD),,,
5919,Mathod,,,
592,Schwanden bei Brienz,,,
5921,Molondin,,,
5922,Montagny-près-Yverdon,,,
5923,Oppens,,,
5924,Orges,,,
5925,Orzens,,,
5926,Pomy,,,
5928,Rovray,,,
5929,Suchy,,,
593,Unterseen,,,
5930,Suscévaz,,,
5931,Treycovagnes,,,
5932,Ursins,,,
5933,Valeyres-sous-Montagny,,,
5934,Valeyres-sous-Ursins,,,
5935,Villars-Epeney,,,
5937,Vugelles-La Mothe,,,
5938,Yverdon-les-Bains,,,
5939,Yvonand,,,
594,Wilderswil,,,
6,Kappel am Albis,,,
60,Höri,,,
6002,Brig-Glis,,Brigue-Glis,Briga-Glis
6004,Eggerberg,,,
6007,Naters,,,
6008,Ried-Brig,,,
6009,Simplon,,,Sempione
6010,Termen,,,
6011,Zwischbergen,,,
602,Arni (BE),,,
6021,Ardon,,,
6022,Chamoson,,,
6023,Conthey,,,
6024,Nendaz,,,
6025,Vétroz,,,
603,Biglen,,,
6031,Bagnes,,,
6032,Bourg-Saint-Pierre,,,
6033,Liddes,,,
6034,Orsières,,,
6035,Sembrancher,,,
6036,Vollèges,,,
605,Bowil,,,
6052,Bellwald,,,
6054,Binn,,,
6056,Ernen,,,
6057,Fiesch,,,
6058,Fieschertal,,,
606,Brenzikofen,,,
6061,Lax,,,
607,Freimettigen,,,
6076,Obergoms,,,
6077,Goms,,,
608,Grosshöchstetten,,,
6082,Ayent,,,
6083,Evolène,,,
6084,Hérémence,,,
6087,Saint-Martin (VS),,,
6089,Vex,,,
609,Häutligen,,,
6090,Mont-Noble,,,
61,Hüntwangen,,,
610,Herbligen,,,
6101,Agarn,,,
6102,Albinen,,,
6104,Ergisch,,,
6109,Inden,,,
611,Kiesen,,,
6110,Leuk,,Loèche-Ville,
6111,Leukerbad,,Loèche-les-Bains,
6112,Oberems,,,
6113,Salgesch,,Salquenen,
6116,Varen,,Varone,
6117,Guttet-Feschel,,,
6118,Gampel-Bratsch,,,
6119,Turtmann-Unterems,,,
612,Konolfingen,,,
613,Landiswil,,,
6131,Bovernier,,,
6132,Charrat,,,
6133,Fully,,,
6134,Isérables,,,
6135,Leytron,,,
6136,Martigny,,,
6137,Martigny-Combe,,,
6139,Riddes,,,
614,Linden,,,
6140,Saillon,,,
6141,Saxon,,,
6142,Trient,,,
615,Mirchel,,,
6151,Champéry,,,
6152,Collombey-Muraz,,,
6153,Monthey,,,
6154,Port-Valais,,,
6155,Saint-Gingolph,,,
6156,Troistorrents,,,
6157,Val-d'Illiez,,,
6158,Vionnaz,,,
6159,Vouvry,,,
616,Münsingen,,,
617,Niederhünigen,,,
6172,Bister,,,
6173,Bitsch,,,
6177,Grengiols,,,
6181,Riederalp,,,
619,Oberdiessbach,,,
6191,Ausserberg,,,
6192,Blatten,,,
6193,Bürchen,,,
6194,Eischoll,,,
6195,Ferden,,,
6197,Kippel,,,
6198,Niedergesteln,,,
6199,Raron,,Rarogne,
62,Kloten,,,
620,Oberthal,,,
6201,Unterbäch,,,
6202,Wiler (Lötschen),,,
6203,Mörel-Filet,,,
6204,Steg-Hohtenn,,,
6205,Bettmeralp,,,
6211,Collonges,,,
6212,Dorénaz,,,
6213,Evionnaz,,,
6214,Finhaut,,,
6215,Massongex,,,
6217,Saint-Maurice,,,
6218,Salvan,,,
6219,Vernayaz,,,
622,Oppligen,,,
6220,Vérossaz,,,
623,Rubigen,,,
6232,Chalais,,,
6235,Chippis,,,
6238,Grône,,,
6239,Icogne,,,
624,Schlosswil,,,
6240,Lens,,,
6241,Miège,,,
6246,Saint-Léonard,,,
6248,Sierre,Siders,,
6249,Venthône,,,
6250,Veyras,,,
6252,Anniviers,,,
6253,Crans-Montana,,,
626,Walkringen,,,
6261,Arbaz,,,
6263,Grimisuat,,,
6265,Savièse,,,
6266,Sion,Sitten,,
6267,Veysonnaz,,,
627,Worb,,,
628,Zäziwil,,,
6281,Baltschieder,,,
6282,Eisten,,,
6283,Embd,,,
6285,Grächen,,,
6286,Lalden,,,
6287,Randa,,,
6288,Saas-Almagell,,,
6289,Saas-Balen,,,
629,Oberhünigen,,,
6290,Saas-Fee,,,
6291,Saas-Grund,,,
6292,St. Niklaus,,Saint-Nicolas,
6293,Stalden (VS),,,
6294,Staldenried,,,
6295,Täsch,,,
6296,Törbel,,,
6297,Visp,,Viège,
6298,Visperterminen,,,
6299,Zeneggen,,,
63,Lufingen,,,
630,Allmendingen,,,
6300,Zermatt,,,
632,Wichtrach,,,
64,Nürensdorf,,,
6402,Bevaix,,,
6404,Boudry,,,
6407,Corcelles-Cormondrèche,,,
6408,Cortaillod,,,
6409,Fresens,,,
6410,Gorgier,,,
6411,Montalchez,,,
6412,Peseux,,,
6413,Rochefort,,,
6414,Saint-Aubin-Sauges,,,
6415,Vaumarcus,,,
6416,Milvignes,,,
6421,La Chaux-de-Fonds,,,
6422,Les Planchettes,,,
6423,La Sagne,,,
6431,Les Brenets,,,
6432,La Brévine,,,
6433,Brot-Plamboz,,,
6434,Le Cerneux-Péquignot,,,
6435,La Chaux-du-Milieu,,,
6436,Le Locle,,,
6437,Les Ponts-de-Martel,,,
6451,Cornaux,,,
6452,Cressier (NE),,,
6453,Enges,,,
6454,Hauterive (NE),,,
6455,Le Landeron,,,
6456,Lignières,,,
6458,Neuchâtel,Neuenburg,,
6459,Saint-Blaise,,,
6461,La Tène,,,
6485,Valangin,,,
6487,Val-de-Ruz,,,
65,Oberembrach,,,
6504,La Côte-aux-Fées,,,
6511,Les Verrières,,,
6512,Val-de-Travers,,,
66,Opfikon,,,
6601,Aire-la-Ville,,,
6602,Anières,,,
6603,Avully,,,
6604,Avusy,,,
6605,Bardonnex,,,
6606,Bellevue,,,
6607,Bernex,,,
6608,Carouge (GE),,,
6609,Cartigny,,,
661,Clavaleyres,,,
6610,Céligny,,,
6611,Chancy,,,
6612,Chêne-Bougeries,,,
6613,Chêne-Bourg,,,
6614,Choulex,,,
6615,Collex-Bossy,,,
6616,Collonge-Bellerive,,,
6617,Cologny,,,
6618,Confignon,,,
6619,Corsier (GE),,,
662,Ferenbalm,,,
6620,Dardagny,,,
6621,Genève,Genf,,Ginevra
6622,Genthod,,,
6623,Le Grand-Saconnex,,,
6624,Gy,,,
6625,Hermance,,,
6626,Jussy,,,
6627,Laconnex,,,
6628,Lancy,,,
6629,Meinier,,,
663,Frauenkappelen,,,
6630,Meyrin,,,
6631,Onex,,,
6632,Perly-Certoux,,,
6633,Plan-les-Ouates,,,
6634,Pregny-Chambésy,,,
6635,Presinge,,,
6636,Puplinge,,,
6637,Russin,,,
6638,Satigny,,,
6639,Soral,,,
664,Golaten,,,
6640,Thônex,,,
6641,Troinex,,,
6642,Vandoeuvres,,,
6643,Vernier,,,
6644,Versoix,,,
6645,Veyrier,,,
665,Gurbrü,,,
666,Kriechenwil,,,
667,Laupen,,,
668,Mühleberg,,,
669,Münchenwiler,,Villars-les-Moines,
67,Rafz,,,
670,Neuenegg,,,
6702,Boécourt,,,
6703,Bourrignon,,,
6704,Châtillon (JU),,,
6705,Corban,,,
6706,Courchapoix,,,
6708,Courrendlin,,,
6709,Courroux,,,
671,Wileroltigen,,,
6710,Courtételle,,,
6711,Delémont,Delsberg,,
6712,Develier,,,
6713,Ederswiler,,,
6715,Mervelier,,,
6716,Mettembert,,,
6718,Movelier,,,
6719,Pleigne,,,
6720,Rebeuvelier,,,
6721,Rossemaison,,,
6722,Saulcy,,,
6724,Soyhières,,,
6728,Vellerat,,,
6729,Haute-Sorne,,,
6730,Val Terbi,,,
6741,Le Bémont (JU),,,
6742,Les Bois,,,
6743,Les Breuleux,,,
6744,La Chaux-des-Breuleux,,,
6745,Les Enfers,,,
6748,Les Genevez (JU),,,
6750,Lajoux (JU),,,
6751,Montfaucon,,,
6753,Muriaux,,,
6754,Le Noirmont,,,
6757,Saignelégier,,,
6758,Saint-Brais,,,
6759,Soubey,,,
6771,Alle,,,
6773,Beurnevésin,,,
6774,Boncourt,,,
6775,Bonfol,,,
6778,Bure,,,
6781,Coeuve,,,
6782,Cornol,,,
6783,Courchavon,,,
6784,Courgenay,,,
6785,Courtedoux,,,
6787,Damphreux,,,
6789,Fahy,,,
6790,Fontenais,,,
6792,Grandfontaine,,,
6793,Lugnez,,,
68,Rorbas,,,
6800,Porrentruy,Pruntrut,,
6803,Rocourt,,,
6806,Vendlincourt,,,
6807,Basse-Allaine,,,
6808,Clos du Doubs,,,
6809,Haute-Ajoie,,,
681,Belprahon,,,
6810,La Baroche,,,
683,Champoz,,,
687,Corcelles (BE),,,
69,Wallisellen,,,
690,Court,,,
691,Crémines,,,
692,Eschert,,,
694,Grandval,,,
696,Loveresse,,,
7,Knonau,,,
70,Wasterkingen,,,
700,Moutier,Münster (BE),,
701,Perrefitte,,,
703,Reconvilier,,,
704,Roches (BE),,,
706,Saicourt,,,
707,Saules (BE),,,
708,Schelten,,La Scheulte,
709,Seehof,,,
71,Wil (ZH),,,
711,Sorvilier,,,
713,Tavannes,,,
715,Rebévelier,,,
716,Petit-Val,,,
717,Valbirse,,,
72,Winkel,,,
723,La Neuveville,Neuenstadt,,
724,Nods,,,
726,Plateau de Diesse,,,
731,Aegerten,,,
732,Bellmund,,,
733,Brügg,,,
734,Bühl,,,
735,Epsach,,,
736,Hagneck,,,
737,Hermrigen,,,
738,Jens,,,
739,Ipsach,,,
740,Ligerz,,Gléresse,
741,Merzligen,,,
742,Mörigen,,,
743,Nidau,,,
744,Orpund,,,
745,Port,,,
746,Safnern,,,
747,Scheuren,,,
748,Schwadernau,,,
749,Studen (BE),,,
750,Sutz-Lattrigen,,,
751,Täuffelen,,,
754,Walperswil,,,
755,Worben,,,
756,Twann-Tüscherz,,Douanne-Daucher,
761,Därstetten,,,
762,Diemtigen,,,
763,Erlenbach im Simmental,,,
766,Oberwil im Simmental,,,
767,Reutigen,,,
768,Spiez,,,
769,Wimmis,,,
770,Stocken-Höfen,,,
782,Guttannen,,,
783,Hasliberg,,,
784,Innertkirchen,,,
785,Meiringen,,,
786,Schattenhalb,,,
791,Boltigen,,,
792,Lenk,,,
793,St. Stephan,,Saint-Etienne,
794,Zweisimmen,,,
8,Maschwanden,,,
81,Bachs,,,
82,Boppelsen,,,
83,Buchs (ZH),,,
84,Dällikon,,,
841,Gsteig,,,
842,Lauenen,,,
843,Saanen,,Gessenay,
85,Dänikon,,,
852,Guggisberg,,,
853,Rüschegg,,,
855,Schwarzenburg,,,
86,Dielsdorf,,,
861,Belp,,,
863,Burgistein,,,
865,Gelterfingen,,,
866,Gerzensee,,,
867,Gurzelen,,,
868,Jaberg,,,
869,Kaufdorf,,,
87,Hüttikon,,,
870,Kehrsatz,,,
872,Kirchdorf (BE),,,
873,Kirchenthurnen,,,
874,Lohnstorf,,,
875,Mühledorf (BE),,,
876,Mühlethurnen,,,
877,Niedermuhlern,,,
878,Noflen,,,
879,Riggisberg,,,
88,Neerach,,,
880,Rüeggisberg,,,
881,Rümligen,,,
883,Seftigen,,,
884,Toffen,,,
885,Uttigen,,,
886,Wattenwil,,,
888,Wald (BE),,,
89,Niederglatt,,,
9,Mettmenstetten,,,
90,Niederhasli,,,
901,Eggiwil,,,
902,Langnau im Emmental,,,
903,Lauperswil,,,
904,Röthenbach im Emmental,,,
905,Rüderswil,,,
906,Schangnau,,,
907,Signau,,,
908,Trub,,,
909,Trubschachen,,,
91,Niederweningen,,,
92,Oberglatt,,,
921,Amsoldingen,,,
922,Blumenstein,,,
923,Buchholterberg,,,
924,Eriz,,,
925,Fahrni,,,
927,Heiligenschwendi,,,
928,Heimberg,,,
929,Hilterfingen,,,
93,Oberweningen,,,
931,Homberg,,,
932,Horrenbach-Buchen,,,
934,Oberhofen am Thunersee,,,
935,Oberlangenegg,,,
936,Pohlern,,,
937,Schwendibach,,,
938,Sigriswil,,,
939,Steffisburg,,,
94,Otelfingen,,,
940,Teuffenthal (BE),,,
941,Thierachern,,,
942,Thun,,Thoune,
943,Uebeschi,,,
944,Uetendorf,,,
945,Unterlangenegg,,,
946,Wachseldorn,,,
947,Zwieselberg,,,
948,Forst-Längenbühl,,,
95,Regensberg,,,
951,Affoltern im Emmental,,,
952,Dürrenroth,,,
953,Eriswil,,,
954,Huttwil,,,
955,Lützelflüh,,,
956,Rüegsau,,,
957,Sumiswald,,,
958,Trachselwald,,,
959,Walterswil (BE),,,
96,Regensdorf,,,
960,Wyssachen,,,
97,Rümlang,,,
971,Attiswil,,,
972,Berken,,,
973,Bettenhausen,,,
975,Farnern,,,
976,Graben,,,
977,Heimenhausen,,,
979,Herzogenbuchsee,,,
98,Schleinikon,,,
980,Inkwil,,,
981,Niederbipp,,,
982,Niederönz,,,
983,Oberbipp,,,
985,Ochlenberg,,,
987,Rumisberg,,,
988,Seeberg,,,
989,Thörigen,,,
99,Schöfflisdorf,,,
990,Walliswil bei Niederbipp,,,
991,Walliswil bei Wangen,,,
992,Wangen an der Aare,,,
993,Wangenried,,,
995,Wiedlisbach,,,
996,Wolfisberg,,,
